churn,proportion
0,0.8393403772094401
1,0.1606596227905599
