churn,proportion
0,0.854463615903976
1,0.145536384096024
