churn,proportion
0,0.7651991614255765
1,0.2348008385744235
