churn,proportion
0,0.8316163410301953
1,0.16838365896980462
