churn,proportion
1,0.885590988289639
0,0.11440901171036104
