churn,proportion
1,0.5541411849351081
0,0.44585881506489194
