churn,proportion
0,0.8575712143928036
1,0.1424287856071964
