churn,proportion
0,0.7346301292063041
1,0.2653698707936959
