churn,proportion
0,0.8550855085508551
1,0.14491449144914492
